                  epoch,         train/box_loss,         train/cls_loss,         train/dfl_loss,   metrics/precision(B),      metrics/recall(B),       metrics/mAP50(B),    metrics/mAP50-95(B),           val/box_loss,           val/cls_loss,           val/dfl_loss,                 lr/pg0,                 lr/pg1,                 lr/pg2
                      1,                 2.0693,                 3.3473,                  1.879,                0.01758,                0.58586,                0.09178,                0.04085,                 1.9053,                   3.25,                 1.7697,                0.00018,                0.00018,                0.00018
                      2,                 1.8374,                 2.9528,                 1.6563,                0.02364,                0.78788,                0.21929,                0.10946,                 1.7531,                 2.9816,                 1.4826,             0.00037962,             0.00037962,             0.00037962
                      3,                 1.9254,                 2.3832,                 1.6697,                0.02485,                0.82828,                0.21312,                0.09286,                 1.8057,                  2.847,                 1.4995,             0.00057885,             0.00057885,             0.00057885
                      4,                 1.8689,                 2.1604,                 1.7008,                0.02364,                0.78788,                0.18236,                0.08032,                 1.9255,                 2.7475,                 1.5989,             0.00077768,             0.00077768,             0.00077768
                      5,                 1.6654,                 1.9661,                  1.539,                0.02333,                0.77778,                0.12006,                0.05111,                 1.8816,                 2.7231,                 1.6912,             0.00097612,             0.00097612,             0.00097612
                      6,                 1.6658,                 1.9324,                 1.5787,                0.15574,                0.43434,                0.15927,                0.07415,                 1.8393,                 2.6368,                 1.6881,              0.0011742,              0.0011742,              0.0011742
                      7,                 1.6217,                 1.8771,                 1.5314,                0.15574,                0.43434,                0.15927,                0.07415,                 1.8393,                 2.6368,                 1.6881,              0.0013718,              0.0013718,              0.0013718
                      8,                 1.7217,                 2.0096,                 1.5863,                0.31765,                0.18182,                0.16507,                0.08559,                 2.0052,                 2.4478,                 1.8004,              0.0015691,              0.0015691,              0.0015691
                      9,                 1.8195,                 2.0014,                 1.6145,                0.37617,                0.34343,                0.30484,                0.14667,                 2.0331,                 2.0494,                 1.8681,              0.0017659,              0.0017659,              0.0017659
                     10,                 1.7621,                 2.0809,                 1.6138,                0.37617,                0.34343,                0.30484,                0.14667,                 2.0331,                 2.0494,                 1.8681,              0.0019624,              0.0019624,              0.0019624
                     11,                 1.8952,                   2.15,                 1.7389,                0.32669,                0.36364,                0.28321,                0.12994,                 1.9904,                 2.0127,                 1.8512,              0.0019802,              0.0019802,              0.0019802
                     12,                 1.8813,                 2.0134,                 1.6556,                0.34594,                0.40404,                0.25356,                0.11612,                 1.9674,                 2.2668,                 1.8658,              0.0019802,              0.0019802,              0.0019802
                     13,                 1.8518,                 2.1071,                 1.6764,                0.34594,                0.40404,                0.25356,                0.11612,                 1.9674,                 2.2668,                 1.8658,              0.0019782,              0.0019782,              0.0019782
                     14,                 1.9325,                  2.128,                 1.6994,                0.22839,                0.25253,                 0.1611,                0.07614,                 2.0457,                 2.9787,                 1.8916,              0.0019762,              0.0019762,              0.0019762
                     15,                 1.8517,                 1.9592,                 1.5787,                0.32243,                0.30303,                0.17122,                0.08024,                 1.8612,                 2.7343,                  1.817,              0.0019743,              0.0019743,              0.0019743
                     16,                 1.7884,                 1.9652,                 1.5872,                0.32243,                0.30303,                0.17122,                0.08024,                 1.8612,                 2.7343,                  1.817,              0.0019723,              0.0019723,              0.0019723
                     17,                 1.8311,                 1.9219,                 1.6106,                0.35968,                0.35354,                0.29051,                0.14696,                  1.832,                  2.917,                 1.8637,              0.0019703,              0.0019703,              0.0019703
                     18,                 1.8482,                 2.0008,                 1.6944,                0.35968,                0.35354,                0.29051,                0.14696,                  1.832,                  2.917,                 1.8637,              0.0019683,              0.0019683,              0.0019683
                     19,                 1.8771,                 1.9288,                 1.6986,                0.41247,                0.39004,                0.31783,                0.15687,                 1.8202,                 2.9886,                 1.8003,              0.0019663,              0.0019663,              0.0019663
                     20,                   1.81,                 1.9772,                 1.6503,                0.51938,                0.37374,                0.36424,                0.17198,                 1.8385,                 2.4917,                  1.766,              0.0019644,              0.0019644,              0.0019644
                     21,                 1.7163,                 1.8831,                 1.5427,                0.51938,                0.37374,                0.36424,                0.17198,                 1.8385,                 2.4917,                  1.766,              0.0019624,              0.0019624,              0.0019624
                     22,                 1.7825,                 1.9342,                 1.5881,                0.44793,                0.38384,                0.34648,                0.15115,                 1.8406,                 2.3911,                 1.7651,              0.0019604,              0.0019604,              0.0019604
                     23,                 1.8018,                  1.861,                  1.573,                0.47003,                0.39418,                0.33518,                0.15326,                 1.9142,                 2.5806,                 1.8239,              0.0019584,              0.0019584,              0.0019584
                     24,                 1.8944,                 2.0655,                 1.7699,                0.47003,                0.39418,                0.33518,                0.15326,                 1.9142,                 2.5806,                 1.8239,              0.0019564,              0.0019564,              0.0019564
                     25,                 1.8739,                 2.1377,                  1.751,                0.41492,                0.39394,                0.27449,                0.13225,                 1.9438,                 2.4664,                 1.8393,              0.0019545,              0.0019545,              0.0019545
                     26,                 1.9167,                 2.0594,                 1.7176,                0.41492,                0.39394,                0.27449,                0.13225,                 1.9438,                 2.4664,                 1.8393,              0.0019525,              0.0019525,              0.0019525
                     27,                 1.8295,                 1.8818,                 1.6759,                0.24045,                0.31313,                0.17784,                0.08823,                 1.8989,                  2.434,                 1.7877,              0.0019505,              0.0019505,              0.0019505
                     28,                  1.785,                 1.8558,                 1.6042,                0.29973,                0.45455,                0.28068,                 0.1441,                 1.8118,                 2.0006,                 1.7447,              0.0019485,              0.0019485,              0.0019485
                     29,                 1.7054,                 1.7815,                 1.5719,                0.29973,                0.45455,                0.28068,                 0.1441,                 1.8118,                 2.0006,                 1.7447,              0.0019465,              0.0019465,              0.0019465
                     30,                 1.8324,                 2.0737,                  1.734,                0.37345,                0.39394,                0.29162,                0.14479,                 1.8679,                 1.9725,                 1.7392,              0.0019446,              0.0019446,              0.0019446
                     31,                 1.6762,                 1.8019,                 1.5927,                0.47832,                0.36122,                 0.3085,                0.16024,                  1.873,                  1.924,                   1.74,              0.0019426,              0.0019426,              0.0019426
                     32,                 1.6759,                 1.8328,                 1.5907,                0.47832,                0.36122,                 0.3085,                0.16024,                  1.873,                  1.924,                   1.74,              0.0019406,              0.0019406,              0.0019406
                     33,                 1.7375,                 1.8444,                 1.6025,                0.42439,                0.34343,                0.31032,                0.15209,                 1.8992,                 1.9114,                 1.7822,              0.0019386,              0.0019386,              0.0019386
                     34,                  1.659,                 1.7205,                 1.5179,                0.42439,                0.34343,                0.31032,                0.15209,                 1.8992,                 1.9114,                 1.7822,              0.0019366,              0.0019366,              0.0019366
                     35,                  1.758,                 1.8711,                 1.6461,                0.44399,                0.39524,                0.32854,                0.13756,                 1.9022,                  1.971,                 1.8105,              0.0019347,              0.0019347,              0.0019347
                     36,                 1.7833,                 1.9839,                  1.677,                0.36483,                0.33333,                0.23622,                0.10044,                 1.9083,                 2.1204,                 1.8093,              0.0019327,              0.0019327,              0.0019327
                     37,                 1.6974,                 1.8947,                 1.6101,                0.36483,                0.33333,                0.23622,                0.10044,                 1.9083,                 2.1204,                 1.8093,              0.0019307,              0.0019307,              0.0019307
                     38,                 1.8175,                 1.9888,                 1.6945,                0.31968,                0.36364,                0.21166,                0.09297,                 1.9234,                 2.2494,                 1.8691,              0.0019287,              0.0019287,              0.0019287
                     39,                  1.765,                 1.9683,                 1.6272,                0.45213,                0.31679,                0.25663,                0.11553,                 1.8922,                 2.1866,                  1.852,              0.0019267,              0.0019267,              0.0019267
                     40,                 1.8997,                  2.056,                  1.829,                0.45213,                0.31679,                0.25663,                0.11553,                 1.8922,                 2.1866,                  1.852,              0.0019248,              0.0019248,              0.0019248
                     41,                 1.7473,                 1.8353,                 1.6678,                0.36886,                0.38384,                0.25415,                0.12509,                 1.7958,                 2.0228,                 1.7586,              0.0019228,              0.0019228,              0.0019228
                     42,                 1.6863,                 1.9226,                 1.6209,                0.36886,                0.38384,                0.25415,                0.12509,                 1.7958,                 2.0228,                 1.7586,              0.0019208,              0.0019208,              0.0019208
                     43,                 1.7425,                 1.8582,                 1.6377,                0.40169,                0.34343,                0.26056,                0.13474,                 1.8038,                 2.0282,                 1.7719,              0.0019188,              0.0019188,              0.0019188
                     44,                 1.6939,                 1.7778,                 1.5863,                0.39104,                0.35354,                0.29594,                0.14874,                 1.8639,                  2.068,                 1.8141,              0.0019168,              0.0019168,              0.0019168
                     45,                 1.6715,                 1.7314,                 1.6045,                0.39104,                0.35354,                0.29594,                0.14874,                 1.8639,                  2.068,                 1.8141,              0.0019149,              0.0019149,              0.0019149
                     46,                 1.6686,                 1.6886,                 1.5639,                0.44448,                0.48492,                0.39295,                0.19336,                 1.8789,                 2.2269,                 1.8037,              0.0019129,              0.0019129,              0.0019129
                     47,                 1.6619,                 1.7592,                 1.5854,                0.52323,                0.50505,                0.43071,                0.22964,                 1.8119,                 2.1838,                 1.7208,              0.0019109,              0.0019109,              0.0019109
                     48,                  1.665,                   1.72,                 1.6527,                0.52323,                0.50505,                0.43071,                0.22964,                 1.8119,                 2.1838,                 1.7208,              0.0019089,              0.0019089,              0.0019089
                     49,                 1.7543,                 1.7451,                 1.6153,                0.55432,                0.43434,                0.46049,                0.24795,                 1.7478,                  2.172,                 1.6683,              0.0019069,              0.0019069,              0.0019069
                     50,                  1.705,                 1.7631,                 1.5757,                0.55432,                0.43434,                0.46049,                0.24795,                 1.7478,                  2.172,                 1.6683,               0.001905,               0.001905,               0.001905
                     51,                 1.6329,                 1.6949,                 1.5193,                0.49879,                0.52525,                0.46253,                0.25754,                 1.7028,                 1.9983,                  1.625,               0.001903,               0.001903,               0.001903
                     52,                 1.7079,                 1.7346,                 1.5696,                0.52623,                0.53535,                0.49798,                 0.2597,                 1.7261,                 1.8704,                  1.614,               0.001901,               0.001901,               0.001901
                     53,                 1.6629,                 1.7715,                 1.5737,                0.52623,                0.53535,                0.49798,                 0.2597,                 1.7261,                 1.8704,                  1.614,               0.001899,               0.001899,               0.001899
                     54,                 1.6478,                 1.7588,                 1.5309,                0.50486,                0.47475,                0.43163,                0.20987,                 1.8196,                 1.8515,                 1.6984,               0.001897,               0.001897,               0.001897
                     55,                 1.7017,                 1.7558,                 1.5563,                 0.4711,                0.50505,                0.43949,                0.21897,                 1.7639,                 1.7344,                 1.6584,              0.0018951,              0.0018951,              0.0018951
                     56,                 1.6357,                 1.7431,                 1.5286,                 0.4711,                0.50505,                0.43949,                0.21897,                 1.7639,                 1.7344,                 1.6584,              0.0018931,              0.0018931,              0.0018931
                     57,                 1.6069,                 1.7146,                 1.5539,                0.54076,                0.51515,                0.47484,                0.24186,                 1.6998,                 1.6391,                 1.6272,              0.0018911,              0.0018911,              0.0018911
                     58,                 1.6734,                 1.8561,                 1.6043,                0.54076,                0.51515,                0.47484,                0.24186,                 1.6998,                 1.6391,                 1.6272,              0.0018891,              0.0018891,              0.0018891
                     59,                 1.6319,                  1.783,                 1.5371,                0.48649,                0.49764,                0.41095,                0.20642,                 1.7349,                 1.6629,                 1.6717,              0.0018871,              0.0018871,              0.0018871
                     60,                 1.7363,                 1.7679,                 1.6001,                0.47363,                0.43434,                0.40177,                0.20416,                 1.7299,                 1.6999,                 1.6773,              0.0018852,              0.0018852,              0.0018852
                     61,                 1.6263,                 1.6531,                 1.5179,                0.47363,                0.43434,                0.40177,                0.20416,                 1.7299,                 1.6999,                 1.6773,              0.0018832,              0.0018832,              0.0018832
                     62,                 1.6696,                 1.7056,                 1.5069,                0.52223,                0.39394,                0.39572,                0.20335,                 1.8386,                 1.7275,                  1.739,              0.0018812,              0.0018812,              0.0018812
                     63,                 1.5937,                 1.5989,                 1.4621,                0.42745,                0.44444,                0.38067,                0.19618,                 1.8573,                 1.9138,                  1.772,              0.0018792,              0.0018792,              0.0018792
                     64,                 1.6667,                 1.6191,                 1.5445,                0.42745,                0.44444,                0.38067,                0.19618,                 1.8573,                 1.9138,                  1.772,              0.0018772,              0.0018772,              0.0018772
                     65,                 1.6091,                 1.7027,                 1.5148,                0.49023,                0.46465,                0.43977,                0.22038,                  1.927,                 1.9837,                 1.8329,              0.0018753,              0.0018753,              0.0018753
                     66,                 1.5839,                 1.7044,                  1.501,                0.49023,                0.46465,                0.43977,                0.22038,                  1.927,                 1.9837,                 1.8329,              0.0018733,              0.0018733,              0.0018733
                     67,                 1.5621,                  1.606,                 1.4739,                0.52012,                 0.4708,                0.44387,                0.20936,                 1.9509,                 1.9142,                 1.8428,              0.0018713,              0.0018713,              0.0018713
                     68,                 1.5844,                 1.5879,                 1.5187,                0.49852,                0.48485,                0.43773,                0.20936,                 1.8969,                 1.8115,                 1.7857,              0.0018693,              0.0018693,              0.0018693
                     69,                 1.5729,                 1.5733,                  1.484,                0.49852,                0.48485,                0.43773,                0.20936,                 1.8969,                 1.8115,                 1.7857,              0.0018673,              0.0018673,              0.0018673
                     70,                 1.5728,                 1.6415,                 1.5087,                0.52639,                0.45455,                0.45669,                0.22167,                  1.824,                 1.7433,                  1.731,              0.0018654,              0.0018654,              0.0018654
                     71,                 1.6746,                 1.9662,                 1.6689,                0.57544,                0.40404,                0.44649,                0.22465,                 1.8419,                 1.7571,                 1.7324,              0.0018634,              0.0018634,              0.0018634
                     72,                 1.6491,                 1.7161,                 1.5138,                0.57544,                0.40404,                0.44649,                0.22465,                 1.8419,                 1.7571,                 1.7324,              0.0018614,              0.0018614,              0.0018614
                     73,                 1.6564,                 1.7648,                 1.5736,                0.48116,                0.50505,                0.42677,                0.21799,                 1.7418,                 1.6933,                 1.6238,              0.0018594,              0.0018594,              0.0018594
                     74,                 1.5396,                  1.736,                 1.4997,                0.48116,                0.50505,                0.42677,                0.21799,                 1.7418,                 1.6933,                 1.6238,              0.0018574,              0.0018574,              0.0018574
                     75,                 1.5808,                 1.6578,                 1.5094,                0.48515,                0.50505,                0.41523,                0.21281,                 1.7114,                 1.6691,                 1.5986,              0.0018555,              0.0018555,              0.0018555
                     76,                 1.5947,                 1.6975,                 1.5378,                0.56141,                0.52525,                0.42779,                0.22221,                  1.788,                 1.7455,                 1.6878,              0.0018535,              0.0018535,              0.0018535
                     77,                 1.5327,                 1.6493,                 1.5116,                0.56141,                0.52525,                0.42779,                0.22221,                  1.788,                 1.7455,                 1.6878,              0.0018515,              0.0018515,              0.0018515
                     78,                 1.6312,                 1.8261,                 1.5958,                0.53384,                0.55525,                0.45019,                0.22491,                  1.791,                 1.7424,                 1.6856,              0.0018495,              0.0018495,              0.0018495
                     79,                 1.6164,                 1.6346,                 1.5698,                0.54053,                0.56566,                0.46309,                0.24236,                 1.7382,                 1.7414,                 1.6356,              0.0018475,              0.0018475,              0.0018475
                     80,                 1.6215,                 1.6618,                  1.532,                0.54053,                0.56566,                0.46309,                0.24236,                 1.7382,                 1.7414,                 1.6356,              0.0018456,              0.0018456,              0.0018456
                     81,                 1.5613,                 1.6556,                 1.5162,                 0.5769,                0.55556,                0.47015,                0.24499,                 1.6966,                 1.6228,                 1.6124,              0.0018436,              0.0018436,              0.0018436
                     82,                 1.5814,                 1.7781,                  1.602,                 0.5769,                0.55556,                0.47015,                0.24499,                 1.6966,                 1.6228,                 1.6124,              0.0018416,              0.0018416,              0.0018416
                     83,                 1.5769,                 1.6996,                 1.5663,                0.54691,                0.50505,                0.45968,                0.24268,                 1.7369,                 1.6225,                 1.6555,              0.0018396,              0.0018396,              0.0018396
                     84,                 1.6799,                 1.8224,                 1.6622,                0.55994,                0.51413,                0.46528,                0.24429,                 1.7631,                 1.6749,                 1.6714,              0.0018376,              0.0018376,              0.0018376
                     85,                 1.7313,                 1.7522,                 1.6157,                0.55994,                0.51413,                0.46528,                0.24429,                 1.7631,                 1.6749,                 1.6714,              0.0018357,              0.0018357,              0.0018357
                     86,                 1.5975,                 1.7426,                 1.5804,                0.60792,                0.51515,                0.47549,                 0.2579,                 1.7348,                 1.7298,                 1.6507,              0.0018337,              0.0018337,              0.0018337
                     87,                 1.6341,                 1.7811,                 1.5457,                0.58375,                0.50505,                0.47969,                 0.2683,                 1.6958,                 1.6841,                 1.6446,              0.0018317,              0.0018317,              0.0018317
                     88,                 1.5794,                 1.6392,                 1.4608,                0.58375,                0.50505,                0.47969,                 0.2683,                 1.6958,                 1.6841,                 1.6446,              0.0018297,              0.0018297,              0.0018297
                     89,                  1.609,                  1.704,                 1.5441,                0.56265,                0.51515,                0.49401,                0.27755,                  1.718,                 1.6822,                 1.6804,              0.0018277,              0.0018277,              0.0018277
                     90,                 1.5757,                 1.6593,                  1.504,                0.56265,                0.51515,                0.49401,                0.27755,                  1.718,                 1.6822,                 1.6804,              0.0018258,              0.0018258,              0.0018258
                     91,                 1.6004,                 1.6805,                 1.5194,                0.51008,                0.50505,                0.47469,                0.27499,                 1.7176,                 1.9217,                  1.708,              0.0018238,              0.0018238,              0.0018238
                     92,                 1.4954,                 1.5872,                 1.4104,                0.66475,                0.39394,                0.46525,                0.26311,                 1.7401,                 2.3942,                 1.7432,              0.0018218,              0.0018218,              0.0018218
                     93,                 1.5461,                 1.4958,                 1.4392,                0.66475,                0.39394,                0.46525,                0.26311,                 1.7401,                 2.3942,                 1.7432,              0.0018198,              0.0018198,              0.0018198
                     94,                 1.5736,                 1.6052,                 1.4601,                0.61993,                0.49495,                0.49154,                0.26941,                  1.728,                 2.4211,                 1.7234,              0.0018178,              0.0018178,              0.0018178
                     95,                 1.5692,                 1.7314,                  1.537,                0.67807,                0.53535,                0.50822,                0.27989,                  1.695,                 2.0415,                 1.6624,              0.0018159,              0.0018159,              0.0018159
                     96,                 1.4465,                 1.4984,                 1.4531,                0.67807,                0.53535,                0.50822,                0.27989,                  1.695,                 2.0415,                 1.6624,              0.0018139,              0.0018139,              0.0018139
                     97,                 1.4961,                 1.5584,                 1.4667,                0.60354,                0.59972,                0.49665,                0.27905,                    1.7,                  1.707,                 1.6537,              0.0018119,              0.0018119,              0.0018119
                     98,                 1.6114,                 1.6911,                 1.5801,                0.60354,                0.59972,                0.49665,                0.27905,                    1.7,                  1.707,                 1.6537,              0.0018099,              0.0018099,              0.0018099
                     99,                  1.442,                  1.507,                  1.456,                0.53674,                0.61616,                 0.5011,                0.27882,                  1.664,                 1.5934,                 1.6066,              0.0018079,              0.0018079,              0.0018079
                    100,                 1.5609,                 1.5717,                 1.4953,                0.50372,                0.59596,                0.50554,                0.27403,                 1.7305,                 1.5774,                 1.6636,               0.001806,               0.001806,               0.001806
                    101,                  1.557,                 1.9047,                 1.5886,                0.50372,                0.59596,                0.50554,                0.27403,                 1.7305,                 1.5774,                 1.6636,               0.001804,               0.001804,               0.001804
                    102,                 1.4739,                 1.4831,                 1.4317,                0.54093,                0.47611,                 0.4674,                0.25086,                 1.7511,                 1.6084,                 1.6959,               0.001802,               0.001802,               0.001802
                    103,                 1.4509,                 1.4857,                 1.4345,                0.49775,                0.47475,                0.43722,                 0.2432,                 1.7005,                  1.567,                 1.6547,                 0.0018,                 0.0018,                 0.0018
                    104,                    1.5,                 1.6112,                 1.4573,                0.49775,                0.47475,                0.43722,                 0.2432,                 1.7005,                  1.567,                 1.6547,               0.001798,               0.001798,               0.001798
                    105,                 1.5397,                 1.5053,                 1.4716,                0.45861,                0.50505,                 0.4421,                0.24522,                 1.6917,                 1.5472,                 1.6377,              0.0017961,              0.0017961,              0.0017961
                    106,                 1.4746,                 1.5849,                 1.4645,                0.45861,                0.50505,                 0.4421,                0.24522,                 1.6917,                 1.5472,                 1.6377,              0.0017941,              0.0017941,              0.0017941
                    107,                 1.5284,                 1.5563,                  1.465,                0.54886,                0.46465,                0.45865,                0.25838,                 1.6873,                 1.5316,                  1.616,              0.0017921,              0.0017921,              0.0017921
                    108,                 1.5414,                 1.5571,                 1.4424,                0.52419,                0.48485,                0.46736,                0.25609,                   1.68,                 1.5221,                 1.6304,              0.0017901,              0.0017901,              0.0017901
                    109,                  1.433,                 1.4932,                 1.3975,                0.52419,                0.48485,                0.46736,                0.25609,                   1.68,                 1.5221,                 1.6304,              0.0017881,              0.0017881,              0.0017881
                    110,                 1.5458,                 1.5529,                 1.4555,                0.51309,                0.51095,                0.46585,                0.25242,                 1.6759,                 1.5351,                 1.6533,              0.0017862,              0.0017862,              0.0017862
                    111,                 1.5806,                 1.5327,                 1.5305,                0.52415,                0.53535,                0.47125,                 0.2418,                  1.677,                 1.5627,                 1.6545,              0.0017842,              0.0017842,              0.0017842
                    112,                 1.5391,                 1.6328,                 1.4979,                0.52415,                0.53535,                0.47125,                 0.2418,                  1.677,                 1.5627,                 1.6545,              0.0017822,              0.0017822,              0.0017822
                    113,                 1.5406,                 1.5822,                 1.4597,                0.52132,                0.53535,                0.44796,                0.22517,                  1.689,                  1.611,                 1.6478,              0.0017802,              0.0017802,              0.0017802
                    114,                 1.5218,                 1.5814,                 1.4842,                0.52132,                0.53535,                0.44796,                0.22517,                  1.689,                  1.611,                 1.6478,              0.0017782,              0.0017782,              0.0017782
                    115,                 1.5674,                 1.5288,                 1.5296,                0.48184,                0.50505,                0.45533,                0.22972,                 1.7151,                 1.6007,                 1.6557,              0.0017763,              0.0017763,              0.0017763
                    116,                 1.5055,                 1.5482,                 1.4748,                0.49329,                0.48187,                0.43871,                0.22216,                 1.7486,                 1.6201,                 1.6875,              0.0017743,              0.0017743,              0.0017743
                    117,                 1.5358,                 1.6224,                 1.5382,                0.49329,                0.48187,                0.43871,                0.22216,                 1.7486,                 1.6201,                 1.6875,              0.0017723,              0.0017723,              0.0017723
                    118,                 1.4779,                 1.5193,                 1.4444,                0.55132,                0.43434,                0.43224,                 0.2285,                 1.7658,                 1.6267,                 1.6897,              0.0017703,              0.0017703,              0.0017703
                    119,                 1.4274,                  1.474,                 1.4302,                0.48638,                0.48485,                0.43932,                0.24267,                 1.7139,                  1.583,                 1.6543,              0.0017683,              0.0017683,              0.0017683
                    120,                 1.5227,                 1.5068,                 1.4684,                0.48638,                0.48485,                0.43932,                0.24267,                 1.7139,                  1.583,                 1.6543,              0.0017664,              0.0017664,              0.0017664
                    121,                 1.3874,                 1.4594,                 1.3816,                0.41664,                0.55556,                0.43397,                0.23934,                 1.6214,                 1.5886,                 1.5952,              0.0017644,              0.0017644,              0.0017644
                    122,                 1.4237,                 1.4842,                 1.3901,                0.41664,                0.55556,                0.43397,                0.23934,                 1.6214,                 1.5886,                 1.5952,              0.0017624,              0.0017624,              0.0017624
                    123,                 1.4471,                 1.5821,                 1.4507,                0.44043,                0.53535,                0.41658,                0.22962,                 1.6292,                 1.5949,                 1.5983,              0.0017604,              0.0017604,              0.0017604
                    124,                 1.4582,                 1.5321,                 1.4253,                0.48042,                0.51515,                0.42066,                 0.2301,                 1.6458,                 1.5722,                 1.6113,              0.0017584,              0.0017584,              0.0017584
                    125,                 1.3988,                  1.442,                 1.3745,                0.48042,                0.51515,                0.42066,                 0.2301,                 1.6458,                 1.5722,                 1.6113,              0.0017565,              0.0017565,              0.0017565
                    126,                  1.381,                 1.5116,                 1.4319,                0.48231,                0.58349,                0.43631,                0.24646,                 1.6489,                 1.5548,                 1.6331,              0.0017545,              0.0017545,              0.0017545
                    127,                 1.5138,                 1.4625,                 1.5152,                0.56692,                0.56859,                0.45867,                0.24987,                 1.6678,                  1.544,                 1.6438,              0.0017525,              0.0017525,              0.0017525
                    128,                 1.3771,                  1.408,                 1.3722,                0.56692,                0.56859,                0.45867,                0.24987,                 1.6678,                  1.544,                 1.6438,              0.0017505,              0.0017505,              0.0017505
                    129,                 1.5391,                 1.5672,                 1.4727,                0.59992,                0.59596,                0.46646,                0.25533,                 1.6509,                 1.5255,                 1.6293,              0.0017485,              0.0017485,              0.0017485
                    130,                 1.4457,                 1.5518,                 1.4277,                0.59992,                0.59596,                0.46646,                0.25533,                 1.6509,                 1.5255,                 1.6293,              0.0017466,              0.0017466,              0.0017466
                    131,                 1.4094,                 1.6226,                 1.4121,                0.53467,                0.56872,                 0.4419,                0.22504,                 1.6702,                  1.719,                 1.6732,              0.0017446,              0.0017446,              0.0017446
                    132,                  1.433,                 1.4843,                 1.4118,                0.52695,                0.52886,                0.40409,                0.21162,                 1.7203,                 1.7637,                 1.7165,              0.0017426,              0.0017426,              0.0017426
                    133,                 1.4928,                 1.5738,                 1.4602,                0.52695,                0.52886,                0.40409,                0.21162,                 1.7203,                 1.7637,                 1.7165,              0.0017406,              0.0017406,              0.0017406
                    134,                 1.4755,                 1.5436,                   1.44,                0.53332,                0.56566,                0.49318,                0.26203,                 1.6717,                 1.5697,                 1.6602,              0.0017386,              0.0017386,              0.0017386
                    135,                 1.4547,                 1.5703,                 1.4455,                0.61807,                0.51515,                0.53493,                0.30031,                 1.6446,                  1.455,                 1.6081,              0.0017367,              0.0017367,              0.0017367
                    136,                 1.3396,                 1.3786,                  1.347,                0.61807,                0.51515,                0.53493,                0.30031,                 1.6446,                  1.455,                 1.6081,              0.0017347,              0.0017347,              0.0017347
                    137,                 1.3469,                 1.4151,                 1.3626,                0.58695,                0.51674,                0.51399,                0.30051,                 1.6852,                 1.4573,                 1.6291,              0.0017327,              0.0017327,              0.0017327
                    138,                 1.5025,                 1.5479,                 1.4264,                0.58695,                0.51674,                0.51399,                0.30051,                 1.6852,                 1.4573,                 1.6291,              0.0017307,              0.0017307,              0.0017307
                    139,                 1.6194,                 1.7325,                 1.5466,                 0.5429,                0.55556,                0.50018,                0.27909,                  1.772,                 1.5151,                 1.7171,              0.0017287,              0.0017287,              0.0017287
                    140,                 1.3526,                 1.4257,                 1.3436,                0.50262,                0.55556,                0.49203,                0.26707,                 1.7681,                 1.5549,                 1.7182,              0.0017268,              0.0017268,              0.0017268
                    141,                 1.4249,                 1.4752,                 1.4229,                0.50262,                0.55556,                0.49203,                0.26707,                 1.7681,                 1.5549,                 1.7182,              0.0017248,              0.0017248,              0.0017248
                    142,                  1.355,                 1.3743,                 1.3686,                0.49971,                0.56566,                0.47059,                0.25672,                  1.745,                 1.6157,                 1.6833,              0.0017228,              0.0017228,              0.0017228
                    143,                 1.4118,                 1.4865,                 1.4802,                0.49901,                0.56566,                0.46671,                0.25749,                 1.6929,                  1.587,                 1.6374,              0.0017208,              0.0017208,              0.0017208
                    144,                 1.4718,                 1.4171,                 1.4725,                0.49901,                0.56566,                0.46671,                0.25749,                 1.6929,                  1.587,                 1.6374,              0.0017188,              0.0017188,              0.0017188
                    145,                 1.3905,                 1.4168,                 1.4399,                0.57452,                0.58586,                0.50002,                 0.2737,                 1.6736,                 1.5492,                 1.6121,              0.0017169,              0.0017169,              0.0017169
                    146,                 1.4182,                 1.5131,                 1.4547,                0.57452,                0.58586,                0.50002,                 0.2737,                 1.6736,                 1.5492,                 1.6121,              0.0017149,              0.0017149,              0.0017149
                    147,                 1.3311,                 1.3714,                 1.3448,                0.49468,                0.55556,                0.47254,                0.25283,                 1.7927,                 1.5357,                 1.7175,              0.0017129,              0.0017129,              0.0017129
                    148,                 1.4134,                 1.4718,                 1.4282,                0.41752,                0.53535,                 0.4006,                 0.2059,                 1.8773,                 1.6073,                 1.7791,              0.0017109,              0.0017109,              0.0017109
                    149,                 1.3562,                 1.4587,                 1.3824,                0.41752,                0.53535,                 0.4006,                 0.2059,                 1.8773,                 1.6073,                 1.7791,              0.0017089,              0.0017089,              0.0017089
                    150,                 1.4447,                 1.4449,                 1.4089,                0.48152,                0.47475,                0.39038,                0.17769,                 1.8663,                 1.6993,                 1.7552,               0.001707,               0.001707,               0.001707
                    151,                 1.3789,                 1.4129,                 1.4074,                0.54662,                0.47475,                0.40319,                 0.2021,                 1.7694,                 1.6432,                 1.6538,               0.001705,               0.001705,               0.001705
                    152,                  1.367,                 1.3273,                 1.3446,                0.54662,                0.47475,                0.40319,                 0.2021,                 1.7694,                 1.6432,                 1.6538,               0.001703,               0.001703,               0.001703
                    153,                  1.329,                  1.324,                 1.3335,                0.61012,                0.49004,                0.44221,                0.23957,                 1.6683,                 1.5635,                 1.5798,               0.001701,               0.001701,               0.001701
                    154,                 1.3709,                 1.4083,                  1.353,                0.61012,                0.49004,                0.44221,                0.23957,                 1.6683,                 1.5635,                 1.5798,               0.001699,               0.001699,               0.001699
                    155,                 1.3925,                 1.5002,                 1.3862,                0.52981,                0.59187,                0.45866,                 0.2552,                 1.6079,                 1.5375,                 1.5415,              0.0016971,              0.0016971,              0.0016971
                    156,                 1.3314,                 1.4229,                 1.3522,                0.55912,                0.57576,                0.47619,                0.26895,                 1.6574,                  1.527,                 1.5916,              0.0016951,              0.0016951,              0.0016951
                    157,                 1.4166,                 1.3611,                 1.3539,                0.55912,                0.57576,                0.47619,                0.26895,                 1.6574,                  1.527,                 1.5916,              0.0016931,              0.0016931,              0.0016931
                    158,                 1.3614,                 1.3958,                 1.4052,                0.60886,                0.53535,                0.48534,                0.26598,                 1.6753,                 1.5038,                 1.6023,              0.0016911,              0.0016911,              0.0016911
                    159,                 1.4018,                 1.3202,                 1.3852,                0.55898,                0.52525,                0.49471,                0.27879,                 1.6712,                 1.4576,                 1.6012,              0.0016891,              0.0016891,              0.0016891
                    160,                 1.4462,                 1.4774,                 1.4754,                0.55898,                0.52525,                0.49471,                0.27879,                 1.6712,                 1.4576,                 1.6012,              0.0016872,              0.0016872,              0.0016872
                    161,                 1.3782,                   1.37,                 1.4057,                0.60873,                 0.5029,                0.50517,                0.29237,                 1.6406,                 1.4042,                 1.5805,              0.0016852,              0.0016852,              0.0016852
                    162,                 1.4042,                 1.3983,                 1.3847,                0.60873,                 0.5029,                0.50517,                0.29237,                 1.6406,                 1.4042,                 1.5805,              0.0016832,              0.0016832,              0.0016832
                    163,                 1.3319,                 1.3682,                 1.3493,                0.54143,                0.61616,                0.51585,                0.29279,                 1.6319,                 1.4244,                  1.577,              0.0016812,              0.0016812,              0.0016812
                    164,                 1.4419,                 1.4405,                 1.3889,                0.56073,                0.60606,                0.50822,                0.28187,                 1.6683,                 1.4256,                 1.6078,              0.0016792,              0.0016792,              0.0016792
                    165,                 1.4519,                 1.5313,                 1.4515,                0.56073,                0.60606,                0.50822,                0.28187,                 1.6683,                 1.4256,                 1.6078,              0.0016773,              0.0016773,              0.0016773
                    166,                 1.4431,                  1.488,                 1.4492,                 0.5772,                0.57576,                 0.5021,                0.26932,                  1.684,                 1.4131,                  1.624,              0.0016753,              0.0016753,              0.0016753
                    167,                 1.3394,                 1.3474,                 1.3363,                0.55939,                0.55556,                0.49732,                0.26958,                 1.7207,                 1.4285,                 1.6768,              0.0016733,              0.0016733,              0.0016733
                    168,                 1.3609,                 1.3212,                 1.3327,                0.55939,                0.55556,                0.49732,                0.26958,                 1.7207,                 1.4285,                 1.6768,              0.0016713,              0.0016713,              0.0016713
                    169,                  1.368,                 1.3573,                 1.3401,                0.49636,                0.59596,                0.49552,                0.27302,                 1.7619,                 1.5163,                 1.7158,              0.0016693,              0.0016693,              0.0016693
                    170,                 1.3557,                 1.3397,                 1.3388,                0.49636,                0.59596,                0.49552,                0.27302,                 1.7619,                 1.5163,                 1.7158,              0.0016674,              0.0016674,              0.0016674
                    171,                 1.4822,                  1.521,                 1.5151,                0.55748,                0.52525,                0.48614,                0.27226,                 1.7569,                 1.5429,                 1.7158,              0.0016654,              0.0016654,              0.0016654
                    172,                 1.3583,                 1.3255,                 1.3357,                 0.4693,                0.54545,                0.45284,                0.25946,                 1.7302,                 1.6306,                  1.697,              0.0016634,              0.0016634,              0.0016634
                    173,                 1.3892,                 1.3882,                 1.3602,                 0.4693,                0.54545,                0.45284,                0.25946,                 1.7302,                 1.6306,                  1.697,              0.0016614,              0.0016614,              0.0016614
                    174,                 1.3832,                 1.3927,                 1.3881,                0.45942,                0.57576,                0.45853,                0.26437,                  1.733,                 1.6784,                 1.7047,              0.0016594,              0.0016594,              0.0016594
                    175,                 1.4306,                 1.5125,                 1.4357,                0.52793,                0.53535,                0.47314,                0.26823,                 1.7423,                 1.6156,                 1.7068,              0.0016575,              0.0016575,              0.0016575
                    176,                 1.4085,                 1.3828,                 1.3992,                0.52793,                0.53535,                0.47314,                0.26823,                 1.7423,                 1.6156,                 1.7068,              0.0016555,              0.0016555,              0.0016555
                    177,                  1.359,                 1.2931,                 1.3449,                0.53873,                0.61347,                0.47688,                0.27841,                 1.6807,                 1.5821,                 1.6436,              0.0016535,              0.0016535,              0.0016535
                    178,                 1.4081,                 1.4032,                 1.4285,                0.53873,                0.61347,                0.47688,                0.27841,                 1.6807,                 1.5821,                 1.6436,              0.0016515,              0.0016515,              0.0016515
                    179,                 1.2759,                 1.3236,                 1.3607,                0.47621,                0.60611,                0.46287,                0.26802,                 1.6803,                 1.5795,                 1.6343,              0.0016495,              0.0016495,              0.0016495
                    180,                 1.4237,                 1.4587,                 1.4061,                0.47376,                0.62626,                0.46113,                0.26323,                 1.6672,                 1.6242,                 1.6194,              0.0016476,              0.0016476,              0.0016476
                    181,                 1.4027,                 1.3387,                 1.4042,                0.47376,                0.62626,                0.46113,                0.26323,                 1.6672,                 1.6242,                 1.6194,              0.0016456,              0.0016456,              0.0016456
                    182,                 1.4219,                 1.4675,                 1.4619,                0.54031,                0.57576,                0.48794,                0.28064,                 1.6379,                 1.5481,                 1.5983,              0.0016436,              0.0016436,              0.0016436
                    183,                 1.3697,                 1.2965,                 1.3667,                0.61712,                0.55556,                0.52646,                0.30609,                 1.6009,                 1.4742,                 1.5654,              0.0016416,              0.0016416,              0.0016416
                    184,                 1.3151,                 1.2817,                 1.3407,                0.61712,                0.55556,                0.52646,                0.30609,                 1.6009,                 1.4742,                 1.5654,              0.0016396,              0.0016396,              0.0016396
                    185,                 1.3537,                 1.3137,                 1.3372,                0.58575,                0.57576,                 0.5256,                0.30375,                 1.5938,                 1.4804,                 1.5721,              0.0016377,              0.0016377,              0.0016377
                    186,                 1.2975,                 1.2722,                 1.3226,                0.58575,                0.57576,                 0.5256,                0.30375,                 1.5938,                 1.4804,                 1.5721,              0.0016357,              0.0016357,              0.0016357
                    187,                 1.2677,                 1.1944,                 1.2805,                0.55523,                 0.6179,                0.51606,                0.29616,                 1.6378,                 1.5016,                 1.6236,              0.0016337,              0.0016337,              0.0016337
                    188,                 1.3246,                 1.2312,                 1.3455,                0.58078,                0.61616,                0.50612,                0.28105,                 1.6811,                 1.4467,                 1.6442,              0.0016317,              0.0016317,              0.0016317
                    189,                 1.4272,                 1.4631,                 1.4196,                0.58078,                0.61616,                0.50612,                0.28105,                 1.6811,                 1.4467,                 1.6442,              0.0016297,              0.0016297,              0.0016297
                    190,                 1.3207,                  1.273,                 1.3326,                0.57645,                0.63239,                0.50471,                0.28124,                 1.6715,                 1.3787,                 1.6417,              0.0016278,              0.0016278,              0.0016278
                    191,                 1.3421,                 1.2641,                 1.3815,                0.61436,                0.58586,                 0.5143,                0.29223,                 1.6013,                 1.3505,                  1.574,              0.0016258,              0.0016258,              0.0016258
                    192,                 1.3408,                 1.4403,                 1.3938,                0.61436,                0.58586,                 0.5143,                0.29223,                 1.6013,                 1.3505,                  1.574,              0.0016238,              0.0016238,              0.0016238
                    193,                 1.2959,                 1.3008,                 1.3237,                0.57585,                0.57598,                0.50674,                0.29156,                 1.5959,                 1.3937,                 1.5885,              0.0016218,              0.0016218,              0.0016218
                    194,                 1.3948,                 1.3775,                 1.3904,                0.57585,                0.57598,                0.50674,                0.29156,                 1.5959,                 1.3937,                 1.5885,              0.0016198,              0.0016198,              0.0016198
                    195,                 1.3713,                 1.3328,                 1.3559,                0.55186,                0.57576,                 0.4913,                0.27227,                 1.6164,                 1.4156,                 1.6079,              0.0016179,              0.0016179,              0.0016179
                    196,                 1.2742,                 1.2459,                 1.3015,                0.51815,                0.60606,                0.48647,                0.26143,                 1.6571,                 1.4299,                 1.6461,              0.0016159,              0.0016159,              0.0016159
                    197,                 1.3661,                 1.3391,                 1.3902,                0.51815,                0.60606,                0.48647,                0.26143,                 1.6571,                 1.4299,                 1.6461,              0.0016139,              0.0016139,              0.0016139
                    198,                 1.3531,                 1.3014,                 1.3653,                0.56018,                0.58586,                0.51043,                0.26747,                 1.7163,                 1.3938,                  1.686,              0.0016119,              0.0016119,              0.0016119
                    199,                 1.3079,                 1.3373,                 1.3476,                0.54118,                0.60606,                0.50138,                0.24955,                 1.7384,                 1.4187,                 1.6972,              0.0016099,              0.0016099,              0.0016099
                    200,                 1.3321,                 1.3152,                 1.3241,                0.54118,                0.60606,                0.50138,                0.24955,                 1.7384,                 1.4187,                 1.6972,               0.001608,               0.001608,               0.001608
                    201,                 1.2979,                 1.2665,                 1.3129,                0.50079,                0.62626,                0.46686,                0.24463,                 1.7005,                 1.4219,                 1.6673,               0.001606,               0.001606,               0.001606
                    202,                 1.2298,                 1.2104,                 1.2596,                0.50079,                0.62626,                0.46686,                0.24463,                 1.7005,                 1.4219,                 1.6673,               0.001604,               0.001604,               0.001604
                    203,                 1.2384,                 1.1854,                 1.2368,                0.50932,                0.53535,                0.46255,                0.24006,                 1.6808,                 1.4667,                 1.6433,               0.001602,               0.001602,               0.001602
                    204,                 1.3161,                 1.2552,                 1.3091,                0.50865,                0.55422,                0.43204,                0.21713,                 1.6506,                 1.5259,                 1.6316,                 0.0016,                 0.0016,                 0.0016
                    205,                 1.2664,                 1.2731,                 1.2875,                0.50865,                0.55422,                0.43204,                0.21713,                 1.6506,                 1.5259,                 1.6316,              0.0015981,              0.0015981,              0.0015981
                    206,                 1.2657,                 1.3826,                 1.3638,                0.47817,                0.53535,                0.41538,                 0.2132,                 1.6568,                 1.5851,                 1.6509,              0.0015961,              0.0015961,              0.0015961
                    207,                 1.3857,                 1.3655,                  1.429,                0.53445,                0.51515,                0.43786,                0.22355,                  1.676,                 1.5024,                 1.6417,              0.0015941,              0.0015941,              0.0015941
                    208,                 1.3312,                 1.3753,                 1.3674,                0.53445,                0.51515,                0.43786,                0.22355,                  1.676,                 1.5024,                 1.6417,              0.0015921,              0.0015921,              0.0015921
                    209,                 1.3217,                 1.2571,                 1.3631,                0.50634,                0.58586,                0.47397,                0.26238,                 1.6712,                  1.438,                 1.6182,              0.0015901,              0.0015901,              0.0015901
                    210,                 1.2883,                 1.2119,                 1.2655,                0.50634,                0.58586,                0.47397,                0.26238,                 1.6712,                  1.438,                 1.6182,              0.0015882,              0.0015882,              0.0015882
                    211,                 1.3014,                 1.3696,                 1.3366,                0.50925,                0.57576,                0.48787,                0.27005,                  1.697,                 1.4327,                 1.6351,              0.0015862,              0.0015862,              0.0015862
                    212,                 1.3295,                 1.3222,                 1.3396,                0.53442,                0.53535,                0.49231,                0.27908,                 1.7465,                 1.4129,                 1.6918,              0.0015842,              0.0015842,              0.0015842
                    213,                 1.2992,                 1.3229,                 1.3599,                0.53442,                0.53535,                0.49231,                0.27908,                 1.7465,                 1.4129,                 1.6918,              0.0015822,              0.0015822,              0.0015822
                    214,                 1.3161,                 1.2875,                 1.3573,                0.53902,                0.56566,                0.50076,                0.27445,                 1.7522,                 1.4325,                 1.7163,              0.0015802,              0.0015802,              0.0015802
                    215,                 1.3137,                 1.3249,                 1.3663,                0.54564,                0.54545,                0.49482,                0.26728,                 1.7329,                 1.4771,                 1.7173,              0.0015783,              0.0015783,              0.0015783
                    216,                 1.3161,                   1.31,                 1.3157,                0.54564,                0.54545,                0.49482,                0.26728,                 1.7329,                 1.4771,                 1.7173,              0.0015763,              0.0015763,              0.0015763
                    217,                 1.2849,                 1.3097,                 1.3591,                0.52418,                0.54545,                0.47811,                0.25477,                 1.6939,                 1.6463,                 1.6913,              0.0015743,              0.0015743,              0.0015743
                    218,                  1.295,                 1.2205,                 1.2922,                0.52418,                0.54545,                0.47811,                0.25477,                 1.6939,                 1.6463,                 1.6913,              0.0015723,              0.0015723,              0.0015723
                    219,                 1.2676,                 1.2962,                  1.312,                 0.5397,                0.48485,                0.44606,                0.24678,                 1.6589,                 1.7813,                 1.6642,              0.0015703,              0.0015703,              0.0015703
                    220,                  1.266,                  1.232,                 1.3045,                0.56954,                0.53535,                0.45996,                0.25768,                 1.6514,                 1.6638,                 1.6433,              0.0015684,              0.0015684,              0.0015684
                    221,                 1.2511,                 1.1479,                 1.2774,                0.56954,                0.53535,                0.45996,                0.25768,                 1.6514,                 1.6638,                 1.6433,              0.0015664,              0.0015664,              0.0015664
                    222,                 1.2889,                 1.1821,                 1.3259,                 0.5763,                0.54545,                0.46845,                0.26046,                 1.6572,                  1.495,                 1.6405,              0.0015644,              0.0015644,              0.0015644
                    223,                 1.2767,                 1.1893,                 1.3213,                0.56636,                0.53535,                0.48275,                0.26314,                 1.6822,                 1.3817,                 1.6666,              0.0015624,              0.0015624,              0.0015624
                    224,                  1.295,                 1.2521,                 1.3699,                0.56636,                0.53535,                0.48275,                0.26314,                 1.6822,                 1.3817,                 1.6666,              0.0015604,              0.0015604,              0.0015604
                    225,                 1.2489,                 1.3022,                 1.3367,                0.49409,                0.58206,                0.47912,                0.25406,                 1.7166,                 1.3609,                 1.6869,              0.0015585,              0.0015585,              0.0015585
                    226,                 1.1459,                 1.1422,                 1.2133,                0.49409,                0.58206,                0.47912,                0.25406,                 1.7166,                 1.3609,                 1.6869,              0.0015565,              0.0015565,              0.0015565
                    227,                 1.2601,                 1.2868,                 1.3609,                0.52273,                0.54211,                0.46823,                0.24629,                 1.7536,                 1.3473,                 1.7153,              0.0015545,              0.0015545,              0.0015545
                    228,                 1.1916,                  1.225,                 1.2506,                0.57572,                0.53535,                0.48101,                0.25776,                 1.7151,                  1.344,                 1.6946,              0.0015525,              0.0015525,              0.0015525
                    229,                 1.2158,                 1.2142,                 1.2618,                0.57572,                0.53535,                0.48101,                0.25776,                 1.7151,                  1.344,                 1.6946,              0.0015505,              0.0015505,              0.0015505
                    230,                 1.2172,                 1.1891,                 1.2815,                0.61708,                0.48485,                0.48246,                0.25823,                 1.6408,                   1.37,                 1.6385,              0.0015486,              0.0015486,              0.0015486
                    231,                 1.2897,                 1.2638,                 1.3225,                0.51236,                0.58374,                 0.4725,                0.25457,                 1.5766,                 1.4589,                 1.5941,              0.0015466,              0.0015466,              0.0015466
                    232,                 1.2674,                 1.2866,                 1.3462,                0.51236,                0.58374,                 0.4725,                0.25457,                 1.5766,                 1.4589,                 1.5941,              0.0015446,              0.0015446,              0.0015446
                    233,                 1.2493,                 1.2411,                 1.3171,                0.57718,                0.58586,                0.46753,                0.24843,                 1.5773,                 1.4374,                 1.5996,              0.0015426,              0.0015426,              0.0015426
                    234,                  1.151,                 1.2585,                 1.2773,                0.57718,                0.58586,                0.46753,                0.24843,                 1.5773,                 1.4374,                 1.5996,              0.0015406,              0.0015406,              0.0015406
